{"cameraMode":{"drawMode":0,"name":"Shaded","section":"Shading Mode"},"sceneLighting":false,"audioPlay":false,"sceneViewState":{"m_AlwaysRefresh":false,"showFog":true,"showSkybox":false,"showFlares":true,"showImageEffects":true,"showParticleSystems":true,"showVisualEffectGraphs":true,"m_FxEnabled":false},"in2DMode":false,"pivot":{"x":2.2980539798736574,"y":1.1081005334854127,"z":8.042891502380371},"rotation":{"x":-0.18964028358459474,"y":-0.012669066898524762,"z":0.00244473060593009,"w":-0.9817816615104675},"size":1.5314637422561646,"orthographic":false}